{
  "courseswithjson": [
    {
      "id": 1,
      "jsoncoursename": "AngularJS.1x",
      "jsoncourseprice": 2000
    },
    {
      "id": 2,
      "jsoncoursename": "AngularJS.2x",
      "jsoncourseprice": 400
    },
    {
      "id": 3,
      "jsoncoursename": "ReactJs ",
      "jsoncourseprice": 500
    },
    {
      "id": 3,
      "jsoncoursename": "Backbone js ",
      "jsoncourseprice": 600
    },
    {
      "id": 3,
      "jsoncoursename": "JavaScript ",
      "jsoncourseprice": 700
    }
  ],
  "course": [
    {
      "coursename": "Course1",
      "courseduration": "1Month",
      "id": 12
    },
    {
      "coursename": "Course2",
      "courseduration": "1Month",
      "id": 13
    },
    {
      "coursename": "Course3",
      "courseduration": "45Days",
      "id": 14
    },
    {
      "coursename": "Course4",
      "courseduration": "12Days",
      "id": 15
    },
    {
      "coursename": "Course5",
      "courseduration": "42Days",
      "id": 16
    },
    {
      "coursename": "Course6",
      "courseduration": "2days",
      "id": 17
    },
    {
      "coursename": "Course7",
      "courseduration": "72Days",
      "id": 18
    }
  ]
}