{
  "users": [
    {
      "id": 3,
      "firstname": "niharika",
      "lastname": "jakkula",
      "email": "dfgdf@gmail.com"
    },
    {
      "id": 4,
      "firstname": "gfkdfg",
      "lastname": "sfd",
      "email": "rfger@gmail.com"
    },
    {
      "id": 5,
      "firstname": "vijaya",
      "lastname": "malalri",
      "email": "adsc@gmail.com"
    },
    {
      "id": 6,
      "firstname": "ret",
      "lastname": "erter",
      "email": "erter@gmail.com"
    },
    {
      "id": 7,
      "firstname": "dsfds",
      "lastname": "dsfsdfsd",
      "email": "fsd@gmail.com"
    }
  ]
}