[{
    "eid":101,
    "name":"Shreya",
    "address":[{
        "street":"Gandhinagar",
        "city":"Pimpri",
        "state":"Maharastra"


    },
    {
        "street":"Sambajinagar",
        "city":"Pune",
        "state":"Maharastra"
        
    }
    ],
    "design":"Developer",
    "salary": 25000
},

{
    "eid":102,
    "name":"Shreyas",
    "address":[{
        "street":"Gandhinagar",
        "city":"Pimpri",
        "state":"Maharastra"


    },
    {
        "street":"Sambajinagar",
        "city":"Pune",
        "state":"Maharastra"
        
    }
    ],
    "design":"Developer",
    "salary": 25000
}]